,Year,Wins,Points,Pts0
1,31/12/2014,0,20,23
2,31/12/2013,8,20,23
3,31/12/2012,10,20,23
4,31/12/2011,8,20,23
5,31/12/2010,11,20,23
6,31/12/2009,7,20,23
7,31/12/2008,9,20,23
8,31/12/2007,7,20,23
9,31/12/2006,13,20,23
10,31/12/2005,11,20,23
11,31/12/2004,5,20,23
12,31/12/2003,7,20,23
13,31/12/2002,4,20,23
14,31/12/2001,13,20,23
15,31/12/2000,5,20,23
16,31/12/1999,6,20,23
17,31/12/1998,4,20,23
18,31/12/1997,4,20,23
19,31/12/1996,7,20,23
20,31/12/1995,9,20,23
21,31/12/1994,9,20,23
22,31/12/1993,7,20,23
23,31/12/1992,5,20,23
24,31/12/1991,11,20,23
25,31/12/1990,11,20,23
26,31/12/1989,6,20,23
27,31/12/1988,12,20,23
28,31/12/1987,11,20,23
29,31/12/1986,14,20,23
30,31/12/1985,15,20,23
31,31/12/1984,10,20,23
32,31/12/1983,8,20,23
33,31/12/1982,3,20,23
34,31/12/1981,6,20,23
35,31/12/1980,7,20,23
36,31/12/1979,10,20,23
37,31/12/1978,7,20,23
38,31/12/1977,9,20,23
39,31/12/1976,7,20,23
40,31/12/1975,4,20,23
41,31/12/1974,4,20,23
42,31/12/1973,3,20,23
43,31/12/1972,4,20,23
44,31/12/1971,6,20,23
45,31/12/1970,6,20,23
46,31/12/1969,1,20,23
47,31/12/1968,7,20,23
48,31/12/1967,7,20,23
49,31/12/1966,5,20,23
50,31/12/2014,0,445,478
51,31/12/2013,8,445,478
52,31/12/2012,10,445,478
53,31/12/2011,8,445,478
54,31/12/2010,11,445,478
55,31/12/2009,7,445,478
56,31/12/2008,9,445,478
57,31/12/2007,7,445,478
58,31/12/2006,13,445,478
59,31/12/2005,11,445,478
60,31/12/2004,5,445,478
61,31/12/2003,7,445,478
62,31/12/2002,4,445,478
63,31/12/2001,13,445,478
64,31/12/2000,5,445,478
65,31/12/1999,6,445,478
66,31/12/1998,4,445,478
67,31/12/1997,4,445,478
68,31/12/1996,7,445,478
69,31/12/1995,9,445,478
70,31/12/1994,9,445,478
71,31/12/1993,7,445,478
72,31/12/1992,5,445,478
73,31/12/1991,11,445,478
74,31/12/1990,11,445,478
75,31/12/1989,6,445,478
76,31/12/1988,12,445,478
77,31/12/1987,11,445,478
78,31/12/1986,14,445,478
79,31/12/1985,15,445,478
80,31/12/1984,10,445,478
81,31/12/1983,8,445,478
82,31/12/1982,3,445,478
83,31/12/1981,6,445,478
84,31/12/1980,7,445,478
85,31/12/1979,10,445,478
86,31/12/1978,7,445,478
87,31/12/1977,9,445,478
88,31/12/1976,7,445,478
89,31/12/1975,4,445,478
90,31/12/1974,4,445,478
91,31/12/1973,3,445,478
92,31/12/1972,4,445,478
93,31/12/1971,6,445,478
94,31/12/1970,6,445,478
95,31/12/1969,1,445,478
96,31/12/1968,7,445,478
97,31/12/1967,7,445,478
98,31/12/1966,5,445,478
99,31/12/2014,0,375,277
100,31/12/2013,8,375,277
101,31/12/2012,10,375,277
102,31/12/2011,8,375,277
103,31/12/2010,11,375,277
104,31/12/2009,7,375,277
105,31/12/2008,9,375,277
106,31/12/2007,7,375,277
107,31/12/2006,13,375,277
108,31/12/2005,11,375,277
109,31/12/2004,5,375,277
110,31/12/2003,7,375,277
111,31/12/2002,4,375,277
112,31/12/2001,13,375,277
113,31/12/2000,5,375,277
114,31/12/1999,6,375,277
115,31/12/1998,4,375,277
116,31/12/1997,4,375,277
117,31/12/1996,7,375,277
118,31/12/1995,9,375,277
119,31/12/1994,9,375,277
120,31/12/1993,7,375,277
121,31/12/1992,5,375,277
122,31/12/1991,11,375,277
123,31/12/1990,11,375,277
124,31/12/1989,6,375,277
125,31/12/1988,12,375,277
126,31/12/1987,11,375,277
127,31/12/1986,14,375,277
128,31/12/1985,15,375,277
129,31/12/1984,10,375,277
130,31/12/1983,8,375,277
131,31/12/1982,3,375,277
132,31/12/1981,6,375,277
133,31/12/1980,7,375,277
134,31/12/1979,10,375,277
135,31/12/1978,7,375,277
136,31/12/1977,9,375,277
137,31/12/1976,7,375,277
138,31/12/1975,4,375,277
139,31/12/1974,4,375,277
140,31/12/1973,3,375,277
141,31/12/1972,4,375,277
142,31/12/1971,6,375,277
143,31/12/1970,6,375,277
144,31/12/1969,1,375,277
145,31/12/1968,7,375,277
146,31/12/1967,7,375,277
147,31/12/1966,5,375,277
148,31/12/2014,0,353,341
149,31/12/2013,8,353,341
150,31/12/2012,10,353,341
151,31/12/2011,8,353,341
152,31/12/2010,11,353,341
153,31/12/2009,7,353,341
154,31/12/2008,9,353,341
155,31/12/2007,7,353,341
156,31/12/2006,13,353,341
157,31/12/2005,11,353,341
158,31/12/2004,5,353,341
159,31/12/2003,7,353,341
160,31/12/2002,4,353,341
161,31/12/2001,13,353,341
162,31/12/2000,5,353,341
163,31/12/1999,6,353,341
164,31/12/1998,4,353,341
165,31/12/1997,4,353,341
166,31/12/1996,7,353,341
167,31/12/1995,9,353,341
168,31/12/1994,9,353,341
169,31/12/1993,7,353,341
170,31/12/1992,5,353,341
171,31/12/1991,11,353,341
172,31/12/1990,11,353,341
173,31/12/1989,6,353,341
174,31/12/1988,12,353,341
175,31/12/1987,11,353,341
176,31/12/1986,14,353,341
177,31/12/1985,15,353,341
178,31/12/1984,10,353,341
179,31/12/1983,8,353,341
180,31/12/1982,3,353,341
181,31/12/1981,6,353,341
182,31/12/1980,7,353,341
183,31/12/1979,10,353,341
184,31/12/1978,7,353,341
185,31/12/1977,9,353,341
186,31/12/1976,7,353,341
187,31/12/1975,4,353,341
188,31/12/1974,4,353,341
189,31/12/1973,3,353,341
190,31/12/1972,4,353,341
191,31/12/1971,6,353,341
192,31/12/1970,6,353,341
193,31/12/1969,1,353,341
194,31/12/1968,7,353,341
195,31/12/1967,7,353,341
196,31/12/1966,5,353,341
197,31/12/2014,0,334,286
198,31/12/2013,8,334,286
199,31/12/2012,10,334,286
200,31/12/2011,8,334,286
201,31/12/2010,11,334,286
202,31/12/2009,7,334,286
203,31/12/2008,9,334,286
204,31/12/2007,7,334,286
205,31/12/2006,13,334,286
206,31/12/2005,11,334,286
207,31/12/2004,5,334,286
208,31/12/2003,7,334,286
209,31/12/2002,4,334,286
210,31/12/2001,13,334,286
211,31/12/2000,5,334,286
212,31/12/1999,6,334,286
213,31/12/1998,4,334,286
214,31/12/1997,4,334,286
215,31/12/1996,7,334,286
216,31/12/1995,9,334,286
217,31/12/1994,9,334,286
218,31/12/1993,7,334,286
219,31/12/1992,5,334,286
220,31/12/1991,11,334,286
221,31/12/1990,11,334,286
222,31/12/1989,6,334,286
223,31/12/1988,12,334,286
224,31/12/1987,11,334,286
225,31/12/1986,14,334,286
226,31/12/1985,15,334,286
227,31/12/1984,10,334,286
228,31/12/1983,8,334,286
229,31/12/1982,3,334,286
230,31/12/1981,6,334,286
231,31/12/1980,7,334,286
232,31/12/1979,10,334,286
233,31/12/1978,7,334,286
234,31/12/1977,9,334,286
235,31/12/1976,7,334,286
236,31/12/1975,4,334,286
237,31/12/1974,4,334,286
238,31/12/1973,3,334,286
239,31/12/1972,4,334,286
240,31/12/1971,6,334,286
241,31/12/1970,6,334,286
242,31/12/1969,1,334,286
243,31/12/1968,7,334,286
244,31/12/1967,7,334,286
245,31/12/1966,5,334,286
246,31/12/2014,0,327,375
247,31/12/2013,8,327,375
248,31/12/2012,10,327,375
249,31/12/2011,8,327,375
250,31/12/2010,11,327,375
251,31/12/2009,7,327,375
252,31/12/2008,9,327,375
253,31/12/2007,7,327,375
254,31/12/2006,13,327,375
255,31/12/2005,11,327,375
256,31/12/2004,5,327,375
257,31/12/2003,7,327,375
258,31/12/2002,4,327,375
259,31/12/2001,13,327,375
260,31/12/2000,5,327,375
261,31/12/1999,6,327,375
262,31/12/1998,4,327,375
263,31/12/1997,4,327,375
264,31/12/1996,7,327,375
265,31/12/1995,9,327,375
266,31/12/1994,9,327,375
267,31/12/1993,7,327,375
268,31/12/1992,5,327,375
269,31/12/1991,11,327,375
270,31/12/1990,11,327,375
271,31/12/1989,6,327,375
272,31/12/1988,12,327,375
273,31/12/1987,11,327,375
274,31/12/1986,14,327,375
275,31/12/1985,15,327,375
276,31/12/1984,10,327,375
277,31/12/1983,8,327,375
278,31/12/1982,3,327,375
279,31/12/1981,6,327,375
280,31/12/1980,7,327,375
281,31/12/1979,10,327,375
282,31/12/1978,7,327,375
283,31/12/1977,9,327,375
284,31/12/1976,7,327,375
285,31/12/1975,4,327,375
286,31/12/1974,4,327,375
287,31/12/1973,3,327,375
288,31/12/1972,4,327,375
289,31/12/1971,6,327,375
290,31/12/1970,6,327,375
291,31/12/1969,1,327,375
292,31/12/1968,7,327,375
293,31/12/1967,7,327,375
294,31/12/1966,5,327,375
295,31/12/2014,0,375,350
296,31/12/2013,8,375,350
297,31/12/2012,10,375,350
298,31/12/2011,8,375,350
299,31/12/2010,11,375,350
300,31/12/2009,7,375,350
301,31/12/2008,9,375,350
302,31/12/2007,7,375,350
303,31/12/2006,13,375,350
304,31/12/2005,11,375,350
305,31/12/2004,5,375,350
306,31/12/2003,7,375,350
307,31/12/2002,4,375,350
308,31/12/2001,13,375,350
309,31/12/2000,5,375,350
310,31/12/1999,6,375,350
311,31/12/1998,4,375,350
312,31/12/1997,4,375,350
313,31/12/1996,7,375,350
314,31/12/1995,9,375,350
315,31/12/1994,9,375,350
316,31/12/1993,7,375,350
317,31/12/1992,5,375,350
318,31/12/1991,11,375,350
319,31/12/1990,11,375,350
320,31/12/1989,6,375,350
321,31/12/1988,12,375,350
322,31/12/1987,11,375,350
323,31/12/1986,14,375,350
324,31/12/1985,15,375,350
325,31/12/1984,10,375,350
326,31/12/1983,8,375,350
327,31/12/1982,3,375,350
328,31/12/1981,6,375,350
329,31/12/1980,7,375,350
330,31/12/1979,10,375,350
331,31/12/1978,7,375,350
332,31/12/1977,9,375,350
333,31/12/1976,7,375,350
334,31/12/1975,4,375,350
335,31/12/1974,4,375,350
336,31/12/1973,3,375,350
337,31/12/1972,4,375,350
338,31/12/1971,6,375,350
339,31/12/1970,6,375,350
340,31/12/1969,1,375,350
341,31/12/1968,7,375,350
342,31/12/1967,7,375,350
343,31/12/1966,5,375,350
344,31/12/2014,0,334,348
345,31/12/2013,8,334,348
346,31/12/2012,10,334,348
347,31/12/2011,8,334,348
348,31/12/2010,11,334,348
349,31/12/2009,7,334,348
350,31/12/2008,9,334,348
351,31/12/2007,7,334,348
352,31/12/2006,13,334,348
353,31/12/2005,11,334,348
354,31/12/2004,5,334,348
355,31/12/2003,7,334,348
356,31/12/2002,4,334,348
357,31/12/2001,13,334,348
358,31/12/2000,5,334,348
359,31/12/1999,6,334,348
360,31/12/1998,4,334,348
361,31/12/1997,4,334,348
362,31/12/1996,7,334,348
363,31/12/1995,9,334,348
364,31/12/1994,9,334,348
365,31/12/1993,7,334,348
366,31/12/1992,5,334,348
367,31/12/1991,11,334,348
368,31/12/1990,11,334,348
369,31/12/1989,6,334,348
370,31/12/1988,12,334,348
371,31/12/1987,11,334,348
372,31/12/1986,14,334,348
373,31/12/1985,15,334,348
374,31/12/1984,10,334,348
375,31/12/1983,8,334,348
376,31/12/1982,3,334,348
377,31/12/1981,6,334,348
378,31/12/1980,7,334,348
379,31/12/1979,10,334,348
380,31/12/1978,7,334,348
381,31/12/1977,9,334,348
382,31/12/1976,7,334,348
383,31/12/1975,4,334,348
384,31/12/1974,4,334,348
385,31/12/1973,3,334,348
386,31/12/1972,4,334,348
387,31/12/1971,6,334,348
388,31/12/1970,6,334,348
389,31/12/1969,1,334,348
390,31/12/1968,7,334,348
391,31/12/1967,7,334,348
392,31/12/1966,5,334,348
393,31/12/2014,0,427,255
394,31/12/2013,8,427,255
395,31/12/2012,10,427,255
396,31/12/2011,8,427,255
397,31/12/2010,11,427,255
398,31/12/2009,7,427,255
399,31/12/2008,9,427,255
400,31/12/2007,7,427,255
401,31/12/2006,13,427,255
402,31/12/2005,11,427,255
403,31/12/2004,5,427,255
404,31/12/2003,7,427,255
405,31/12/2002,4,427,255
406,31/12/2001,13,427,255
407,31/12/2000,5,427,255
408,31/12/1999,6,427,255
409,31/12/1998,4,427,255
410,31/12/1997,4,427,255
411,31/12/1996,7,427,255
412,31/12/1995,9,427,255
413,31/12/1994,9,427,255
414,31/12/1993,7,427,255
415,31/12/1992,5,427,255
416,31/12/1991,11,427,255
417,31/12/1990,11,427,255
418,31/12/1989,6,427,255
419,31/12/1988,12,427,255
420,31/12/1987,11,427,255
421,31/12/1986,14,427,255
422,31/12/1985,15,427,255
423,31/12/1984,10,427,255
424,31/12/1983,8,427,255
425,31/12/1982,3,427,255
426,31/12/1981,6,427,255
427,31/12/1980,7,427,255
428,31/12/1979,10,427,255
429,31/12/1978,7,427,255
430,31/12/1977,9,427,255
431,31/12/1976,7,427,255
432,31/12/1975,4,427,255
433,31/12/1974,4,427,255
434,31/12/1973,3,427,255
435,31/12/1972,4,427,255
436,31/12/1971,6,427,255
437,31/12/1970,6,427,255
438,31/12/1969,1,427,255
439,31/12/1968,7,427,255
440,31/12/1967,7,427,255
441,31/12/1966,5,427,255
442,31/12/2014,0,260,202
443,31/12/2013,8,260,202
444,31/12/2012,10,260,202
445,31/12/2011,8,260,202
446,31/12/2010,11,260,202
447,31/12/2009,7,260,202
448,31/12/2008,9,260,202
449,31/12/2007,7,260,202
450,31/12/2006,13,260,202
451,31/12/2005,11,260,202
452,31/12/2004,5,260,202
453,31/12/2003,7,260,202
454,31/12/2002,4,260,202
455,31/12/2001,13,260,202
456,31/12/2000,5,260,202
457,31/12/1999,6,260,202
458,31/12/1998,4,260,202
459,31/12/1997,4,260,202
460,31/12/1996,7,260,202
461,31/12/1995,9,260,202
462,31/12/1994,9,260,202
463,31/12/1993,7,260,202
464,31/12/1992,5,260,202
465,31/12/1991,11,260,202
466,31/12/1990,11,260,202
467,31/12/1989,6,260,202
468,31/12/1988,12,260,202
469,31/12/1987,11,260,202
470,31/12/1986,14,260,202
471,31/12/1985,15,260,202
472,31/12/1984,10,260,202
473,31/12/1983,8,260,202
474,31/12/1982,3,260,202
475,31/12/1981,6,260,202
476,31/12/1980,7,260,202
477,31/12/1979,10,260,202
478,31/12/1978,7,260,202
479,31/12/1977,9,260,202
480,31/12/1976,7,260,202
481,31/12/1975,4,260,202
482,31/12/1974,4,260,202
483,31/12/1973,3,260,202
484,31/12/1972,4,260,202
485,31/12/1971,6,260,202
486,31/12/1970,6,260,202
487,31/12/1969,1,260,202
488,31/12/1968,7,260,202
489,31/12/1967,7,260,202
490,31/12/1966,5,260,202
491,31/12/2014,0,231,331
492,31/12/2013,8,231,331
493,31/12/2012,10,231,331
494,31/12/2011,8,231,331
495,31/12/2010,11,231,331
496,31/12/2009,7,231,331
497,31/12/2008,9,231,331
498,31/12/2007,7,231,331
499,31/12/2006,13,231,331
500,31/12/2005,11,231,331
501,31/12/2004,5,231,331
502,31/12/2003,7,231,331
503,31/12/2002,4,231,331
504,31/12/2001,13,231,331
505,31/12/2000,5,231,331
506,31/12/1999,6,231,331
507,31/12/1998,4,231,331
508,31/12/1997,4,231,331
509,31/12/1996,7,231,331
510,31/12/1995,9,231,331
511,31/12/1994,9,231,331
512,31/12/1993,7,231,331
513,31/12/1992,5,231,331
514,31/12/1991,11,231,331
515,31/12/1990,11,231,331
516,31/12/1989,6,231,331
517,31/12/1988,12,231,331
518,31/12/1987,11,231,331
519,31/12/1986,14,231,331
520,31/12/1985,15,231,331
521,31/12/1984,10,231,331
522,31/12/1983,8,231,331
523,31/12/1982,3,231,331
524,31/12/1981,6,231,331
525,31/12/1980,7,231,331
526,31/12/1979,10,231,331
527,31/12/1978,7,231,331
528,31/12/1977,9,231,331
529,31/12/1976,7,231,331
530,31/12/1975,4,231,331
531,31/12/1974,4,231,331
532,31/12/1973,3,231,331
533,31/12/1972,4,231,331
534,31/12/1971,6,231,331
535,31/12/1970,6,231,331
536,31/12/1969,1,231,331
537,31/12/1968,7,231,331
538,31/12/1967,7,231,331
539,31/12/1966,5,231,331
540,31/12/2014,0,283,346
541,31/12/2013,8,283,346
542,31/12/2012,10,283,346
543,31/12/2011,8,283,346
544,31/12/2010,11,283,346
545,31/12/2009,7,283,346
546,31/12/2008,9,283,346
547,31/12/2007,7,283,346
548,31/12/2006,13,283,346
549,31/12/2005,11,283,346
550,31/12/2004,5,283,346
551,31/12/2003,7,283,346
552,31/12/2002,4,283,346
553,31/12/2001,13,283,346
554,31/12/2000,5,283,346
555,31/12/1999,6,283,346
556,31/12/1998,4,283,346
557,31/12/1997,4,283,346
558,31/12/1996,7,283,346
559,31/12/1995,9,283,346
560,31/12/1994,9,283,346
561,31/12/1993,7,283,346
562,31/12/1992,5,283,346
563,31/12/1991,11,283,346
564,31/12/1990,11,283,346
565,31/12/1989,6,283,346
566,31/12/1988,12,283,346
567,31/12/1987,11,283,346
568,31/12/1986,14,283,346
569,31/12/1985,15,283,346
570,31/12/1984,10,283,346
571,31/12/1983,8,283,346
572,31/12/1982,3,283,346
573,31/12/1981,6,283,346
574,31/12/1980,7,283,346
575,31/12/1979,10,283,346
576,31/12/1978,7,283,346
577,31/12/1977,9,283,346
578,31/12/1976,7,283,346
579,31/12/1975,4,283,346
580,31/12/1974,4,283,346
581,31/12/1973,3,283,346
582,31/12/1972,4,283,346
583,31/12/1971,6,283,346
584,31/12/1970,6,283,346
585,31/12/1969,1,283,346
586,31/12/1968,7,283,346
587,31/12/1967,7,283,346
588,31/12/1966,5,283,346
589,31/12/2014,0,281,379
590,31/12/2013,8,281,379
591,31/12/2012,10,281,379
592,31/12/2011,8,281,379
593,31/12/2010,11,281,379
594,31/12/2009,7,281,379
595,31/12/2008,9,281,379
596,31/12/2007,7,281,379
597,31/12/2006,13,281,379
598,31/12/2005,11,281,379
599,31/12/2004,5,281,379
600,31/12/2003,7,281,379
601,31/12/2002,4,281,379
602,31/12/2001,13,281,379
603,31/12/2000,5,281,379
604,31/12/1999,6,281,379
605,31/12/1998,4,281,379
606,31/12/1997,4,281,379
607,31/12/1996,7,281,379
608,31/12/1995,9,281,379
609,31/12/1994,9,281,379
610,31/12/1993,7,281,379
611,31/12/1992,5,281,379
612,31/12/1991,11,281,379
613,31/12/1990,11,281,379
614,31/12/1989,6,281,379
615,31/12/1988,12,281,379
616,31/12/1987,11,281,379
617,31/12/1986,14,281,379
618,31/12/1985,15,281,379
619,31/12/1984,10,281,379
620,31/12/1983,8,281,379
621,31/12/1982,3,281,379
622,31/12/1981,6,281,379
623,31/12/1980,7,281,379
624,31/12/1979,10,281,379
625,31/12/1978,7,281,379
626,31/12/1977,9,281,379
627,31/12/1976,7,281,379
628,31/12/1975,4,281,379
629,31/12/1974,4,281,379
630,31/12/1973,3,281,379
631,31/12/1972,4,281,379
632,31/12/1971,6,281,379
633,31/12/1970,6,281,379
634,31/12/1969,1,281,379
635,31/12/1968,7,281,379
636,31/12/1967,7,281,379
637,31/12/1966,5,281,379
638,31/12/2014,0,338,203
639,31/12/2013,8,338,203
640,31/12/2012,10,338,203
641,31/12/2011,8,338,203
642,31/12/2010,11,338,203
643,31/12/2009,7,338,203
644,31/12/2008,9,338,203
645,31/12/2007,7,338,203
646,31/12/2006,13,338,203
647,31/12/2005,11,338,203
648,31/12/2004,5,338,203
649,31/12/2003,7,338,203
650,31/12/2002,4,338,203
651,31/12/2001,13,338,203
652,31/12/2000,5,338,203
653,31/12/1999,6,338,203
654,31/12/1998,4,338,203
655,31/12/1997,4,338,203
656,31/12/1996,7,338,203
657,31/12/1995,9,338,203
658,31/12/1994,9,338,203
659,31/12/1993,7,338,203
660,31/12/1992,5,338,203
661,31/12/1991,11,338,203
662,31/12/1990,11,338,203
663,31/12/1989,6,338,203
664,31/12/1988,12,338,203
665,31/12/1987,11,338,203
666,31/12/1986,14,338,203
667,31/12/1985,15,338,203
668,31/12/1984,10,338,203
669,31/12/1983,8,338,203
670,31/12/1982,3,338,203
671,31/12/1981,6,338,203
672,31/12/1980,7,338,203
673,31/12/1979,10,338,203
674,31/12/1978,7,338,203
675,31/12/1977,9,338,203
676,31/12/1976,7,338,203
677,31/12/1975,4,338,203
678,31/12/1974,4,338,203
679,31/12/1973,3,338,203
680,31/12/1972,4,338,203
681,31/12/1971,6,338,203
682,31/12/1970,6,338,203
683,31/12/1969,1,338,203
684,31/12/1968,7,338,203
685,31/12/1967,7,338,203
686,31/12/1966,5,338,203
687,31/12/2014,0,216,355
688,31/12/2013,8,216,355
689,31/12/2012,10,216,355
690,31/12/2011,8,216,355
691,31/12/2010,11,216,355
692,31/12/2009,7,216,355
693,31/12/2008,9,216,355
694,31/12/2007,7,216,355
695,31/12/2006,13,216,355
696,31/12/2005,11,216,355
697,31/12/2004,5,216,355
698,31/12/2003,7,216,355
699,31/12/2002,4,216,355
700,31/12/2001,13,216,355
701,31/12/2000,5,216,355
702,31/12/1999,6,216,355
703,31/12/1998,4,216,355
704,31/12/1997,4,216,355
705,31/12/1996,7,216,355
706,31/12/1995,9,216,355
707,31/12/1994,9,216,355
708,31/12/1993,7,216,355
709,31/12/1992,5,216,355
710,31/12/1991,11,216,355
711,31/12/1990,11,216,355
712,31/12/1989,6,216,355
713,31/12/1988,12,216,355
714,31/12/1987,11,216,355
715,31/12/1986,14,216,355
716,31/12/1985,15,216,355
717,31/12/1984,10,216,355
718,31/12/1983,8,216,355
719,31/12/1982,3,216,355
720,31/12/1981,6,216,355
721,31/12/1980,7,216,355
722,31/12/1979,10,216,355
723,31/12/1978,7,216,355
724,31/12/1977,9,216,355
725,31/12/1976,7,216,355
726,31/12/1975,4,216,355
727,31/12/1974,4,216,355
728,31/12/1973,3,216,355
729,31/12/1972,4,216,355
730,31/12/1971,6,216,355
731,31/12/1970,6,216,355
732,31/12/1969,1,216,355
733,31/12/1968,7,216,355
734,31/12/1967,7,216,355
735,31/12/1966,5,216,355
736,31/12/2014,0,272,341
737,31/12/2013,8,272,341
738,31/12/2012,10,272,341
739,31/12/2011,8,272,341
740,31/12/2010,11,272,341
741,31/12/2009,7,272,341
742,31/12/2008,9,272,341
743,31/12/2007,7,272,341
744,31/12/2006,13,272,341
745,31/12/2005,11,272,341
746,31/12/2004,5,272,341
747,31/12/2003,7,272,341
748,31/12/2002,4,272,341
749,31/12/2001,13,272,341
750,31/12/2000,5,272,341
751,31/12/1999,6,272,341
752,31/12/1998,4,272,341
753,31/12/1997,4,272,341
754,31/12/1996,7,272,341
755,31/12/1995,9,272,341
756,31/12/1994,9,272,341
757,31/12/1993,7,272,341
758,31/12/1992,5,272,341
759,31/12/1991,11,272,341
760,31/12/1990,11,272,341
761,31/12/1989,6,272,341
762,31/12/1988,12,272,341
763,31/12/1987,11,272,341
764,31/12/1986,14,272,341
765,31/12/1985,15,272,341
766,31/12/1984,10,272,341
767,31/12/1983,8,272,341
768,31/12/1982,3,272,341
769,31/12/1981,6,272,341
770,31/12/1980,7,272,341
771,31/12/1979,10,272,341
772,31/12/1978,7,272,341
773,31/12/1977,9,272,341
774,31/12/1976,7,272,341
775,31/12/1975,4,272,341
776,31/12/1974,4,272,341
777,31/12/1973,3,272,341
778,31/12/1972,4,272,341
779,31/12/1971,6,272,341
780,31/12/1970,6,272,341
781,31/12/1969,1,272,341
782,31/12/1968,7,272,341
783,31/12/1967,7,272,341
784,31/12/1966,5,272,341
785,31/12/2014,0,276,368
786,31/12/2013,8,276,368
787,31/12/2012,10,276,368
788,31/12/2011,8,276,368
789,31/12/2010,11,276,368
790,31/12/2009,7,276,368
791,31/12/2008,9,276,368
792,31/12/2007,7,276,368
793,31/12/2006,13,276,368
794,31/12/2005,11,276,368
795,31/12/2004,5,276,368
796,31/12/2003,7,276,368
797,31/12/2002,4,276,368
798,31/12/2001,13,276,368
799,31/12/2000,5,276,368
800,31/12/1999,6,276,368
801,31/12/1998,4,276,368
802,31/12/1997,4,276,368
803,31/12/1996,7,276,368
804,31/12/1995,9,276,368
805,31/12/1994,9,276,368
806,31/12/1993,7,276,368
807,31/12/1992,5,276,368
808,31/12/1991,11,276,368
809,31/12/1990,11,276,368
810,31/12/1989,6,276,368
811,31/12/1988,12,276,368
812,31/12/1987,11,276,368
813,31/12/1986,14,276,368
814,31/12/1985,15,276,368
815,31/12/1984,10,276,368
816,31/12/1983,8,276,368
817,31/12/1982,3,276,368
818,31/12/1981,6,276,368
819,31/12/1980,7,276,368
820,31/12/1979,10,276,368
821,31/12/1978,7,276,368
822,31/12/1977,9,276,368
823,31/12/1976,7,276,368
824,31/12/1975,4,276,368
825,31/12/1974,4,276,368
826,31/12/1973,3,276,368
827,31/12/1972,4,276,368
828,31/12/1971,6,276,368
829,31/12/1970,6,276,368
830,31/12/1969,1,276,368
831,31/12/1968,7,276,368
832,31/12/1967,7,276,368
833,31/12/1966,5,276,368
834,31/12/2014,0,263,421
835,31/12/2013,8,263,421
836,31/12/2012,10,263,421
837,31/12/2011,8,263,421
838,31/12/2010,11,263,421
839,31/12/2009,7,263,421
840,31/12/2008,9,263,421
841,31/12/2007,7,263,421
842,31/12/2006,13,263,421
843,31/12/2005,11,263,421
844,31/12/2004,5,263,421
845,31/12/2003,7,263,421
846,31/12/2002,4,263,421
847,31/12/2001,13,263,421
848,31/12/2000,5,263,421
849,31/12/1999,6,263,421
850,31/12/1998,4,263,421
851,31/12/1997,4,263,421
852,31/12/1996,7,263,421
853,31/12/1995,9,263,421
854,31/12/1994,9,263,421
855,31/12/1993,7,263,421
856,31/12/1992,5,263,421
857,31/12/1991,11,263,421
858,31/12/1990,11,263,421
859,31/12/1989,6,263,421
860,31/12/1988,12,263,421
861,31/12/1987,11,263,421
862,31/12/1986,14,263,421
863,31/12/1985,15,263,421
864,31/12/1984,10,263,421
865,31/12/1983,8,263,421
866,31/12/1982,3,263,421
867,31/12/1981,6,263,421
868,31/12/1980,7,263,421
869,31/12/1979,10,263,421
870,31/12/1978,7,263,421
871,31/12/1977,9,263,421
872,31/12/1976,7,263,421
873,31/12/1975,4,263,421
874,31/12/1974,4,263,421
875,31/12/1973,3,263,421
876,31/12/1972,4,263,421
877,31/12/1971,6,263,421
878,31/12/1970,6,263,421
879,31/12/1969,1,263,421
880,31/12/1968,7,263,421
881,31/12/1967,7,263,421
882,31/12/1966,5,263,421
883,31/12/2014,0,283,305
884,31/12/2013,8,283,305
885,31/12/2012,10,283,305
886,31/12/2011,8,283,305
887,31/12/2010,11,283,305
888,31/12/2009,7,283,305
889,31/12/2008,9,283,305
890,31/12/2007,7,283,305
891,31/12/2006,13,283,305
892,31/12/2005,11,283,305
893,31/12/2004,5,283,305
894,31/12/2003,7,283,305
895,31/12/2002,4,283,305
896,31/12/2001,13,283,305
897,31/12/2000,5,283,305
898,31/12/1999,6,283,305
899,31/12/1998,4,283,305
900,31/12/1997,4,283,305
901,31/12/1996,7,283,305
902,31/12/1995,9,283,305
903,31/12/1994,9,283,305
904,31/12/1993,7,283,305
905,31/12/1992,5,283,305
906,31/12/1991,11,283,305
907,31/12/1990,11,283,305
908,31/12/1989,6,283,305
909,31/12/1988,12,283,305
910,31/12/1987,11,283,305
911,31/12/1986,14,283,305
912,31/12/1985,15,283,305
913,31/12/1984,10,283,305
914,31/12/1983,8,283,305
915,31/12/1982,3,283,305
916,31/12/1981,6,283,305
917,31/12/1980,7,283,305
918,31/12/1979,10,283,305
919,31/12/1978,7,283,305
920,31/12/1977,9,283,305
921,31/12/1976,7,283,305
922,31/12/1975,4,283,305
923,31/12/1974,4,283,305
924,31/12/1973,3,283,305
925,31/12/1972,4,283,305
926,31/12/1971,6,283,305
927,31/12/1970,6,283,305
928,31/12/1969,1,283,305
929,31/12/1968,7,283,305
930,31/12/1967,7,283,305
931,31/12/1966,5,283,305
932,31/12/2014,0,392,360
933,31/12/2013,8,392,360
934,31/12/2012,10,392,360
935,31/12/2011,8,392,360
936,31/12/2010,11,392,360
937,31/12/2009,7,392,360
938,31/12/2008,9,392,360
939,31/12/2007,7,392,360
940,31/12/2006,13,392,360
941,31/12/2005,11,392,360
942,31/12/2004,5,392,360
943,31/12/2003,7,392,360
944,31/12/2002,4,392,360
945,31/12/2001,13,392,360
946,31/12/2000,5,392,360
947,31/12/1999,6,392,360
948,31/12/1998,4,392,360
949,31/12/1997,4,392,360
950,31/12/1996,7,392,360
951,31/12/1995,9,392,360
952,31/12/1994,9,392,360
953,31/12/1993,7,392,360
954,31/12/1992,5,392,360
955,31/12/1991,11,392,360
956,31/12/1990,11,392,360
957,31/12/1989,6,392,360
958,31/12/1988,12,392,360
959,31/12/1987,11,392,360
960,31/12/1986,14,392,360
961,31/12/1985,15,392,360
962,31/12/1984,10,392,360
963,31/12/1983,8,392,360
964,31/12/1982,3,392,360
965,31/12/1981,6,392,360
966,31/12/1980,7,392,360
967,31/12/1979,10,392,360
968,31/12/1978,7,392,360
969,31/12/1977,9,392,360
970,31/12/1976,7,392,360
971,31/12/1975,4,392,360
972,31/12/1974,4,392,360
973,31/12/1973,3,392,360
974,31/12/1972,4,392,360
975,31/12/1971,6,392,360
976,31/12/1970,6,392,360
977,31/12/1969,1,392,360
978,31/12/1968,7,392,360
979,31/12/1967,7,392,360
980,31/12/1966,5,392,360
981,31/12/2014,0,271,307
982,31/12/2013,8,271,307
983,31/12/2012,10,271,307
984,31/12/2011,8,271,307
985,31/12/2010,11,271,307
986,31/12/2009,7,271,307
987,31/12/2008,9,271,307
988,31/12/2007,7,271,307
989,31/12/2006,13,271,307
990,31/12/2005,11,271,307
991,31/12/2004,5,271,307
992,31/12/2003,7,271,307
993,31/12/2002,4,271,307
994,31/12/2001,13,271,307
995,31/12/2000,5,271,307
996,31/12/1999,6,271,307
997,31/12/1998,4,271,307
998,31/12/1997,4,271,307
999,31/12/1996,7,271,307
1000,31/12/1995,9,271,307
1001,31/12/1994,9,271,307
1002,31/12/1993,7,271,307
1003,31/12/1992,5,271,307
1004,31/12/1991,11,271,307
1005,31/12/1990,11,271,307
1006,31/12/1989,6,271,307
1007,31/12/1988,12,271,307
1008,31/12/1987,11,271,307
1009,31/12/1986,14,271,307
1010,31/12/1985,15,271,307
1011,31/12/1984,10,271,307
1012,31/12/1983,8,271,307
1013,31/12/1982,3,271,307
1014,31/12/1981,6,271,307
1015,31/12/1980,7,271,307
1016,31/12/1979,10,271,307
1017,31/12/1978,7,271,307
1018,31/12/1977,9,271,307
1019,31/12/1976,7,271,307
1020,31/12/1975,4,271,307
1021,31/12/1974,4,271,307
1022,31/12/1973,3,271,307
1023,31/12/1972,4,271,307
1024,31/12/1971,6,271,307
1025,31/12/1970,6,271,307
1026,31/12/1969,1,271,307
1027,31/12/1968,7,271,307
1028,31/12/1967,7,271,307
1029,31/12/1966,5,271,307
1030,31/12/2014,0,234,230
1031,31/12/2013,8,234,230
1032,31/12/2012,10,234,230
1033,31/12/2011,8,234,230
1034,31/12/2010,11,234,230
1035,31/12/2009,7,234,230
1036,31/12/2008,9,234,230
1037,31/12/2007,7,234,230
1038,31/12/2006,13,234,230
1039,31/12/2005,11,234,230
1040,31/12/2004,5,234,230
1041,31/12/2003,7,234,230
1042,31/12/2002,4,234,230
1043,31/12/2001,13,234,230
1044,31/12/2000,5,234,230
1045,31/12/1999,6,234,230
1046,31/12/1998,4,234,230
1047,31/12/1997,4,234,230
1048,31/12/1996,7,234,230
1049,31/12/1995,9,234,230
1050,31/12/1994,9,234,230
1051,31/12/1993,7,234,230
1052,31/12/1992,5,234,230
1053,31/12/1991,11,234,230
1054,31/12/1990,11,234,230
1055,31/12/1989,6,234,230
1056,31/12/1988,12,234,230
1057,31/12/1987,11,234,230
1058,31/12/1986,14,234,230
1059,31/12/1985,15,234,230
1060,31/12/1984,10,234,230
1061,31/12/1983,8,234,230
1062,31/12/1982,3,234,230
1063,31/12/1981,6,234,230
1064,31/12/1980,7,234,230
1065,31/12/1979,10,234,230
1066,31/12/1978,7,234,230
1067,31/12/1977,9,234,230
1068,31/12/1976,7,234,230
1069,31/12/1975,4,234,230
1070,31/12/1974,4,234,230
1071,31/12/1973,3,234,230
1072,31/12/1972,4,234,230
1073,31/12/1971,6,234,230
1074,31/12/1970,6,234,230
1075,31/12/1969,1,234,230
1076,31/12/1968,7,234,230
1077,31/12/1967,7,234,230
1078,31/12/1966,5,234,230
1079,31/12/2014,0,295,361
1080,31/12/2013,8,295,361
1081,31/12/2012,10,295,361
1082,31/12/2011,8,295,361
1083,31/12/2010,11,295,361
1084,31/12/2009,7,295,361
1085,31/12/2008,9,295,361
1086,31/12/2007,7,295,361
1087,31/12/2006,13,295,361
1088,31/12/2005,11,295,361
1089,31/12/2004,5,295,361
1090,31/12/2003,7,295,361
1091,31/12/2002,4,295,361
1092,31/12/2001,13,295,361
1093,31/12/2000,5,295,361
1094,31/12/1999,6,295,361
1095,31/12/1998,4,295,361
1096,31/12/1997,4,295,361
1097,31/12/1996,7,295,361
1098,31/12/1995,9,295,361
1099,31/12/1994,9,295,361
1100,31/12/1993,7,295,361
1101,31/12/1992,5,295,361
1102,31/12/1991,11,295,361
1103,31/12/1990,11,295,361
1104,31/12/1989,6,295,361
1105,31/12/1988,12,295,361
1106,31/12/1987,11,295,361
1107,31/12/1986,14,295,361
1108,31/12/1985,15,295,361
1109,31/12/1984,10,295,361
1110,31/12/1983,8,295,361
1111,31/12/1982,3,295,361
1112,31/12/1981,6,295,361
1113,31/12/1980,7,295,361
1114,31/12/1979,10,295,361
1115,31/12/1978,7,295,361
1116,31/12/1977,9,295,361
1117,31/12/1976,7,295,361
1118,31/12/1975,4,295,361
1119,31/12/1974,4,295,361
1120,31/12/1973,3,295,361
1121,31/12/1972,4,295,361
1122,31/12/1971,6,295,361
1123,31/12/1970,6,295,361
1124,31/12/1969,1,295,361
1125,31/12/1968,7,295,361
1126,31/12/1967,7,295,361
1127,31/12/1966,5,295,361
1128,31/12/2014,0,299,269
1129,31/12/2013,8,299,269
1130,31/12/2012,10,299,269
1131,31/12/2011,8,299,269
1132,31/12/2010,11,299,269
1133,31/12/2009,7,299,269
1134,31/12/2008,9,299,269
1135,31/12/2007,7,299,269
1136,31/12/2006,13,299,269
1137,31/12/2005,11,299,269
1138,31/12/2004,5,299,269
1139,31/12/2003,7,299,269
1140,31/12/2002,4,299,269
1141,31/12/2001,13,299,269
1142,31/12/2000,5,299,269
1143,31/12/1999,6,299,269
1144,31/12/1998,4,299,269
1145,31/12/1997,4,299,269
1146,31/12/1996,7,299,269
1147,31/12/1995,9,299,269
1148,31/12/1994,9,299,269
1149,31/12/1993,7,299,269
1150,31/12/1992,5,299,269
1151,31/12/1991,11,299,269
1152,31/12/1990,11,299,269
1153,31/12/1989,6,299,269
1154,31/12/1988,12,299,269
1155,31/12/1987,11,299,269
1156,31/12/1986,14,299,269
1157,31/12/1985,15,299,269
1158,31/12/1984,10,299,269
1159,31/12/1983,8,299,269
1160,31/12/1982,3,299,269
1161,31/12/1981,6,299,269
1162,31/12/1980,7,299,269
1163,31/12/1979,10,299,269
1164,31/12/1978,7,299,269
1165,31/12/1977,9,299,269
1166,31/12/1976,7,299,269
1167,31/12/1975,4,299,269
1168,31/12/1974,4,299,269
1169,31/12/1973,3,299,269
1170,31/12/1972,4,299,269
1171,31/12/1971,6,299,269
1172,31/12/1970,6,299,269
1173,31/12/1969,1,299,269
1174,31/12/1968,7,299,269
1175,31/12/1967,7,299,269
1176,31/12/1966,5,299,269
1177,31/12/2014,0,348,280
1178,31/12/2013,8,348,280
1179,31/12/2012,10,348,280
1180,31/12/2011,8,348,280
1181,31/12/2010,11,348,280
1182,31/12/2009,7,348,280
1183,31/12/2008,9,348,280
1184,31/12/2007,7,348,280
1185,31/12/2006,13,348,280
1186,31/12/2005,11,348,280
1187,31/12/2004,5,348,280
1188,31/12/2003,7,348,280
1189,31/12/2002,4,348,280
1190,31/12/2001,13,348,280
1191,31/12/2000,5,348,280
1192,31/12/1999,6,348,280
1193,31/12/1998,4,348,280
1194,31/12/1997,4,348,280
1195,31/12/1996,7,348,280
1196,31/12/1995,9,348,280
1197,31/12/1994,9,348,280
1198,31/12/1993,7,348,280
1199,31/12/1992,5,348,280
1200,31/12/1991,11,348,280
1201,31/12/1990,11,348,280
1202,31/12/1989,6,348,280
1203,31/12/1988,12,348,280
1204,31/12/1987,11,348,280
1205,31/12/1986,14,348,280
1206,31/12/1985,15,348,280
1207,31/12/1984,10,348,280
1208,31/12/1983,8,348,280
1209,31/12/1982,3,348,280
1210,31/12/1981,6,348,280
1211,31/12/1980,7,348,280
1212,31/12/1979,10,348,280
1213,31/12/1978,7,348,280
1214,31/12/1977,9,348,280
1215,31/12/1976,7,348,280
1216,31/12/1975,4,348,280
1217,31/12/1974,4,348,280
1218,31/12/1973,3,348,280
1219,31/12/1972,4,348,280
1220,31/12/1971,6,348,280
1221,31/12/1970,6,348,280
1222,31/12/1969,1,348,280
1223,31/12/1968,7,348,280
1224,31/12/1967,7,348,280
1225,31/12/1966,5,348,280
1226,31/12/2014,0,358,377
1227,31/12/2013,8,358,377
1228,31/12/2012,10,358,377
1229,31/12/2011,8,358,377
1230,31/12/2010,11,358,377
1231,31/12/2009,7,358,377
1232,31/12/2008,9,358,377
1233,31/12/2007,7,358,377
1234,31/12/2006,13,358,377
1235,31/12/2005,11,358,377
1236,31/12/2004,5,358,377
1237,31/12/2003,7,358,377
1238,31/12/2002,4,358,377
1239,31/12/2001,13,358,377
1240,31/12/2000,5,358,377
1241,31/12/1999,6,358,377
1242,31/12/1998,4,358,377
1243,31/12/1997,4,358,377
1244,31/12/1996,7,358,377
1245,31/12/1995,9,358,377
1246,31/12/1994,9,358,377
1247,31/12/1993,7,358,377
1248,31/12/1992,5,358,377
1249,31/12/1991,11,358,377
1250,31/12/1990,11,358,377
1251,31/12/1989,6,358,377
1252,31/12/1988,12,358,377
1253,31/12/1987,11,358,377
1254,31/12/1986,14,358,377
1255,31/12/1985,15,358,377
1256,31/12/1984,10,358,377
1257,31/12/1983,8,358,377
1258,31/12/1982,3,358,377
1259,31/12/1981,6,358,377
1260,31/12/1980,7,358,377
1261,31/12/1979,10,358,377
1262,31/12/1978,7,358,377
1263,31/12/1977,9,358,377
1264,31/12/1976,7,358,377
1265,31/12/1975,4,358,377
1266,31/12/1974,4,358,377
1267,31/12/1973,3,358,377
1268,31/12/1972,4,358,377
1269,31/12/1971,6,358,377
1270,31/12/1970,6,358,377
1271,31/12/1969,1,358,377
1272,31/12/1968,7,358,377
1273,31/12/1967,7,358,377
1274,31/12/1966,5,358,377
1275,31/12/2014,0,312,215
1276,31/12/2013,8,312,215
1277,31/12/2012,10,312,215
1278,31/12/2011,8,312,215
1279,31/12/2010,11,312,215
1280,31/12/2009,7,312,215
1281,31/12/2008,9,312,215
1282,31/12/2007,7,312,215
1283,31/12/2006,13,312,215
1284,31/12/2005,11,312,215
1285,31/12/2004,5,312,215
1286,31/12/2003,7,312,215
1287,31/12/2002,4,312,215
1288,31/12/2001,13,312,215
1289,31/12/2000,5,312,215
1290,31/12/1999,6,312,215
1291,31/12/1998,4,312,215
1292,31/12/1997,4,312,215
1293,31/12/1996,7,312,215
1294,31/12/1995,9,312,215
1295,31/12/1994,9,312,215
1296,31/12/1993,7,312,215
1297,31/12/1992,5,312,215
1298,31/12/1991,11,312,215
1299,31/12/1990,11,312,215
1300,31/12/1989,6,312,215
1301,31/12/1988,12,312,215
1302,31/12/1987,11,312,215
1303,31/12/1986,14,312,215
1304,31/12/1985,15,312,215
1305,31/12/1984,10,312,215
1306,31/12/1983,8,312,215
1307,31/12/1982,3,312,215
1308,31/12/1981,6,312,215
1309,31/12/1980,7,312,215
1310,31/12/1979,10,312,215
1311,31/12/1978,7,312,215
1312,31/12/1977,9,312,215
1313,31/12/1976,7,312,215
1314,31/12/1975,4,312,215
1315,31/12/1974,4,312,215
1316,31/12/1973,3,312,215
1317,31/12/1972,4,312,215
1318,31/12/1971,6,312,215
1319,31/12/1970,6,312,215
1320,31/12/1969,1,312,215
1321,31/12/1968,7,312,215
1322,31/12/1967,7,312,215
1323,31/12/1966,5,312,215
1324,31/12/2014,0,356,282
1325,31/12/2013,8,356,282
1326,31/12/2012,10,356,282
1327,31/12/2011,8,356,282
1328,31/12/2010,11,356,282
1329,31/12/2009,7,356,282
1330,31/12/2008,9,356,282
1331,31/12/2007,7,356,282
1332,31/12/2006,13,356,282
1333,31/12/2005,11,356,282
1334,31/12/2004,5,356,282
1335,31/12/2003,7,356,282
1336,31/12/2002,4,356,282
1337,31/12/2001,13,356,282
1338,31/12/2000,5,356,282
1339,31/12/1999,6,356,282
1340,31/12/1998,4,356,282
1341,31/12/1997,4,356,282
1342,31/12/1996,7,356,282
1343,31/12/1995,9,356,282
1344,31/12/1994,9,356,282
1345,31/12/1993,7,356,282
1346,31/12/1992,5,356,282
1347,31/12/1991,11,356,282
1348,31/12/1990,11,356,282
1349,31/12/1989,6,356,282
1350,31/12/1988,12,356,282
1351,31/12/1987,11,356,282
1352,31/12/1986,14,356,282
1353,31/12/1985,15,356,282
1354,31/12/1984,10,356,282
1355,31/12/1983,8,356,282
1356,31/12/1982,3,356,282
1357,31/12/1981,6,356,282
1358,31/12/1980,7,356,282
1359,31/12/1979,10,356,282
1360,31/12/1978,7,356,282
1361,31/12/1977,9,356,282
1362,31/12/1976,7,356,282
1363,31/12/1975,4,356,282
1364,31/12/1974,4,356,282
1365,31/12/1973,3,356,282
1366,31/12/1972,4,356,282
1367,31/12/1971,6,356,282
1368,31/12/1970,6,356,282
1369,31/12/1969,1,356,282
1370,31/12/1968,7,356,282
1371,31/12/1967,7,356,282
1372,31/12/1966,5,356,282
1373,31/12/2014,0,352,187
1374,31/12/2013,8,352,187
1375,31/12/2012,10,352,187
1376,31/12/2011,8,352,187
1377,31/12/2010,11,352,187
1378,31/12/2009,7,352,187
1379,31/12/2008,9,352,187
1380,31/12/2007,7,352,187
1381,31/12/2006,13,352,187
1382,31/12/2005,11,352,187
1383,31/12/2004,5,352,187
1384,31/12/2003,7,352,187
1385,31/12/2002,4,352,187
1386,31/12/2001,13,352,187
1387,31/12/2000,5,352,187
1388,31/12/1999,6,352,187
1389,31/12/1998,4,352,187
1390,31/12/1997,4,352,187
1391,31/12/1996,7,352,187
1392,31/12/1995,9,352,187
1393,31/12/1994,9,352,187
1394,31/12/1993,7,352,187
1395,31/12/1992,5,352,187
1396,31/12/1991,11,352,187
1397,31/12/1990,11,352,187
1398,31/12/1989,6,352,187
1399,31/12/1988,12,352,187
1400,31/12/1987,11,352,187
1401,31/12/1986,14,352,187
1402,31/12/1985,15,352,187
1403,31/12/1984,10,352,187
1404,31/12/1983,8,352,187
1405,31/12/1982,3,352,187
1406,31/12/1981,6,352,187
1407,31/12/1980,7,352,187
1408,31/12/1979,10,352,187
1409,31/12/1978,7,352,187
1410,31/12/1977,9,352,187
1411,31/12/1976,7,352,187
1412,31/12/1975,4,352,187
1413,31/12/1974,4,352,187
1414,31/12/1973,3,352,187
1415,31/12/1972,4,352,187
1416,31/12/1971,6,352,187
1417,31/12/1970,6,352,187
1418,31/12/1969,1,352,187
1419,31/12/1968,7,352,187
1420,31/12/1967,7,352,187
1421,31/12/1966,5,352,187
1422,31/12/2014,0,456,198
1423,31/12/2013,8,456,198
1424,31/12/2012,10,456,198
1425,31/12/2011,8,456,198
1426,31/12/2010,11,456,198
1427,31/12/2009,7,456,198
1428,31/12/2008,9,456,198
1429,31/12/2007,7,456,198
1430,31/12/2006,13,456,198
1431,31/12/2005,11,456,198
1432,31/12/2004,5,456,198
1433,31/12/2003,7,456,198
1434,31/12/2002,4,456,198
1435,31/12/2001,13,456,198
1436,31/12/2000,5,456,198
1437,31/12/1999,6,456,198
1438,31/12/1998,4,456,198
1439,31/12/1997,4,456,198
1440,31/12/1996,7,456,198
1441,31/12/1995,9,456,198
1442,31/12/1994,9,456,198
1443,31/12/1993,7,456,198
1444,31/12/1992,5,456,198
1445,31/12/1991,11,456,198
1446,31/12/1990,11,456,198
1447,31/12/1989,6,456,198
1448,31/12/1988,12,456,198
1449,31/12/1987,11,456,198
1450,31/12/1986,14,456,198
1451,31/12/1985,15,456,198
1452,31/12/1984,10,456,198
1453,31/12/1983,8,456,198
1454,31/12/1982,3,456,198
1455,31/12/1981,6,456,198
1456,31/12/1980,7,456,198
1457,31/12/1979,10,456,198
1458,31/12/1978,7,456,198
1459,31/12/1977,9,456,198
1460,31/12/1976,7,456,198
1461,31/12/1975,4,456,198
1462,31/12/1974,4,456,198
1463,31/12/1973,3,456,198
1464,31/12/1972,4,456,198
1465,31/12/1971,6,456,198
1466,31/12/1970,6,456,198
1467,31/12/1969,1,456,198
1468,31/12/1968,7,456,198
1469,31/12/1967,7,456,198
1470,31/12/1966,5,456,198
1471,31/12/2014,0,325,248
1472,31/12/2013,8,325,248
1473,31/12/2012,10,325,248
1474,31/12/2011,8,325,248
1475,31/12/2010,11,325,248
1476,31/12/2009,7,325,248
1477,31/12/2008,9,325,248
1478,31/12/2007,7,325,248
1479,31/12/2006,13,325,248
1480,31/12/2005,11,325,248
1481,31/12/2004,5,325,248
1482,31/12/2003,7,325,248
1483,31/12/2002,4,325,248
1484,31/12/2001,13,325,248
1485,31/12/2000,5,325,248
1486,31/12/1999,6,325,248
1487,31/12/1998,4,325,248
1488,31/12/1997,4,325,248
1489,31/12/1996,7,325,248
1490,31/12/1995,9,325,248
1491,31/12/1994,9,325,248
1492,31/12/1993,7,325,248
1493,31/12/1992,5,325,248
1494,31/12/1991,11,325,248
1495,31/12/1990,11,325,248
1496,31/12/1989,6,325,248
1497,31/12/1988,12,325,248
1498,31/12/1987,11,325,248
1499,31/12/1986,14,325,248
1500,31/12/1985,15,325,248
1501,31/12/1984,10,325,248
1502,31/12/1983,8,325,248
1503,31/12/1982,3,325,248
1504,31/12/1981,6,325,248
1505,31/12/1980,7,325,248
1506,31/12/1979,10,325,248
1507,31/12/1978,7,325,248
1508,31/12/1977,9,325,248
1509,31/12/1976,7,325,248
1510,31/12/1975,4,325,248
1511,31/12/1974,4,325,248
1512,31/12/1973,3,325,248
1513,31/12/1972,4,325,248
1514,31/12/1971,6,325,248
1515,31/12/1970,6,325,248
1516,31/12/1969,1,325,248
1517,31/12/1968,7,325,248
1518,31/12/1967,7,325,248
1519,31/12/1966,5,325,248
1520,31/12/2014,0,311,301
1521,31/12/2013,8,311,301
1522,31/12/2012,10,311,301
1523,31/12/2011,8,311,301
1524,31/12/2010,11,311,301
1525,31/12/2009,7,311,301
1526,31/12/2008,9,311,301
1527,31/12/2007,7,311,301
1528,31/12/2006,13,311,301
1529,31/12/2005,11,311,301
1530,31/12/2004,5,311,301
1531,31/12/2003,7,311,301
1532,31/12/2002,4,311,301
1533,31/12/2001,13,311,301
1534,31/12/2000,5,311,301
1535,31/12/1999,6,311,301
1536,31/12/1998,4,311,301
1537,31/12/1997,4,311,301
1538,31/12/1996,7,311,301
1539,31/12/1995,9,311,301
1540,31/12/1994,9,311,301
1541,31/12/1993,7,311,301
1542,31/12/1992,5,311,301
1543,31/12/1991,11,311,301
1544,31/12/1990,11,311,301
1545,31/12/1989,6,311,301
1546,31/12/1988,12,311,301
1547,31/12/1987,11,311,301
1548,31/12/1986,14,311,301
1549,31/12/1985,15,311,301
1550,31/12/1984,10,311,301
1551,31/12/1983,8,311,301
1552,31/12/1982,3,311,301
1553,31/12/1981,6,311,301
1554,31/12/1980,7,311,301
1555,31/12/1979,10,311,301
1556,31/12/1978,7,311,301
1557,31/12/1977,9,311,301
1558,31/12/1976,7,311,301
1559,31/12/1975,4,311,301
1560,31/12/1974,4,311,301
1561,31/12/1973,3,311,301
1562,31/12/1972,4,311,301
1563,31/12/1971,6,311,301
1564,31/12/1970,6,311,301
1565,31/12/1969,1,311,301
1566,31/12/1968,7,311,301
1567,31/12/1967,7,311,301
1568,31/12/1966,5,311,301
1569,31/12/2014,0,141,174
1570,31/12/2013,8,141,174
1571,31/12/2012,10,141,174
1572,31/12/2011,8,141,174
1573,31/12/2010,11,141,174
1574,31/12/2009,7,141,174
1575,31/12/2008,9,141,174
1576,31/12/2007,7,141,174
1577,31/12/2006,13,141,174
1578,31/12/2005,11,141,174
1579,31/12/2004,5,141,174
1580,31/12/2003,7,141,174
1581,31/12/2002,4,141,174
1582,31/12/2001,13,141,174
1583,31/12/2000,5,141,174
1584,31/12/1999,6,141,174
1585,31/12/1998,4,141,174
1586,31/12/1997,4,141,174
1587,31/12/1996,7,141,174
1588,31/12/1995,9,141,174
1589,31/12/1994,9,141,174
1590,31/12/1993,7,141,174
1591,31/12/1992,5,141,174
1592,31/12/1991,11,141,174
1593,31/12/1990,11,141,174
1594,31/12/1989,6,141,174
1595,31/12/1988,12,141,174
1596,31/12/1987,11,141,174
1597,31/12/1986,14,141,174
1598,31/12/1985,15,141,174
1599,31/12/1984,10,141,174
1600,31/12/1983,8,141,174
1601,31/12/1982,3,141,174
1602,31/12/1981,6,141,174
1603,31/12/1980,7,141,174
1604,31/12/1979,10,141,174
1605,31/12/1978,7,141,174
1606,31/12/1977,9,141,174
1607,31/12/1976,7,141,174
1608,31/12/1975,4,141,174
1609,31/12/1974,4,141,174
1610,31/12/1973,3,141,174
1611,31/12/1972,4,141,174
1612,31/12/1971,6,141,174
1613,31/12/1970,6,141,174
1614,31/12/1969,1,141,174
1615,31/12/1968,7,141,174
1616,31/12/1967,7,141,174
1617,31/12/1966,5,141,174
1618,31/12/2014,0,253,324
1619,31/12/2013,8,253,324
1620,31/12/2012,10,253,324
1621,31/12/2011,8,253,324
1622,31/12/2010,11,253,324
1623,31/12/2009,7,253,324
1624,31/12/2008,9,253,324
1625,31/12/2007,7,253,324
1626,31/12/2006,13,253,324
1627,31/12/2005,11,253,324
1628,31/12/2004,5,253,324
1629,31/12/2003,7,253,324
1630,31/12/2002,4,253,324
1631,31/12/2001,13,253,324
1632,31/12/2000,5,253,324
1633,31/12/1999,6,253,324
1634,31/12/1998,4,253,324
1635,31/12/1997,4,253,324
1636,31/12/1996,7,253,324
1637,31/12/1995,9,253,324
1638,31/12/1994,9,253,324
1639,31/12/1993,7,253,324
1640,31/12/1992,5,253,324
1641,31/12/1991,11,253,324
1642,31/12/1990,11,253,324
1643,31/12/1989,6,253,324
1644,31/12/1988,12,253,324
1645,31/12/1987,11,253,324
1646,31/12/1986,14,253,324
1647,31/12/1985,15,253,324
1648,31/12/1984,10,253,324
1649,31/12/1983,8,253,324
1650,31/12/1982,3,253,324
1651,31/12/1981,6,253,324
1652,31/12/1980,7,253,324
1653,31/12/1979,10,253,324
1654,31/12/1978,7,253,324
1655,31/12/1977,9,253,324
1656,31/12/1976,7,253,324
1657,31/12/1975,4,253,324
1658,31/12/1974,4,253,324
1659,31/12/1973,3,253,324
1660,31/12/1972,4,253,324
1661,31/12/1971,6,253,324
1662,31/12/1970,6,253,324
1663,31/12/1969,1,253,324
1664,31/12/1968,7,253,324
1665,31/12/1967,7,253,324
1666,31/12/1966,5,253,324
1667,31/12/2014,0,304,264
1668,31/12/2013,8,304,264
1669,31/12/2012,10,304,264
1670,31/12/2011,8,304,264
1671,31/12/2010,11,304,264
1672,31/12/2009,7,304,264
1673,31/12/2008,9,304,264
1674,31/12/2007,7,304,264
1675,31/12/2006,13,304,264
1676,31/12/2005,11,304,264
1677,31/12/2004,5,304,264
1678,31/12/2003,7,304,264
1679,31/12/2002,4,304,264
1680,31/12/2001,13,304,264
1681,31/12/2000,5,304,264
1682,31/12/1999,6,304,264
1683,31/12/1998,4,304,264
1684,31/12/1997,4,304,264
1685,31/12/1996,7,304,264
1686,31/12/1995,9,304,264
1687,31/12/1994,9,304,264
1688,31/12/1993,7,304,264
1689,31/12/1992,5,304,264
1690,31/12/1991,11,304,264
1691,31/12/1990,11,304,264
1692,31/12/1989,6,304,264
1693,31/12/1988,12,304,264
1694,31/12/1987,11,304,264
1695,31/12/1986,14,304,264
1696,31/12/1985,15,304,264
1697,31/12/1984,10,304,264
1698,31/12/1983,8,304,264
1699,31/12/1982,3,304,264
1700,31/12/1981,6,304,264
1701,31/12/1980,7,304,264
1702,31/12/1979,10,304,264
1703,31/12/1978,7,304,264
1704,31/12/1977,9,304,264
1705,31/12/1976,7,304,264
1706,31/12/1975,4,304,264
1707,31/12/1974,4,304,264
1708,31/12/1973,3,304,264
1709,31/12/1972,4,304,264
1710,31/12/1971,6,304,264
1711,31/12/1970,6,304,264
1712,31/12/1969,1,304,264
1713,31/12/1968,7,304,264
1714,31/12/1967,7,304,264
1715,31/12/1966,5,304,264
1716,31/12/2014,0,306,249
1717,31/12/2013,8,306,249
1718,31/12/2012,10,306,249
1719,31/12/2011,8,306,249
1720,31/12/2010,11,306,249
1721,31/12/2009,7,306,249
1722,31/12/2008,9,306,249
1723,31/12/2007,7,306,249
1724,31/12/2006,13,306,249
1725,31/12/2005,11,306,249
1726,31/12/2004,5,306,249
1727,31/12/2003,7,306,249
1728,31/12/2002,4,306,249
1729,31/12/2001,13,306,249
1730,31/12/2000,5,306,249
1731,31/12/1999,6,306,249
1732,31/12/1998,4,306,249
1733,31/12/1997,4,306,249
1734,31/12/1996,7,306,249
1735,31/12/1995,9,306,249
1736,31/12/1994,9,306,249
1737,31/12/1993,7,306,249
1738,31/12/1992,5,306,249
1739,31/12/1991,11,306,249
1740,31/12/1990,11,306,249
1741,31/12/1989,6,306,249
1742,31/12/1988,12,306,249
1743,31/12/1987,11,306,249
1744,31/12/1986,14,306,249
1745,31/12/1985,15,306,249
1746,31/12/1984,10,306,249
1747,31/12/1983,8,306,249
1748,31/12/1982,3,306,249
1749,31/12/1981,6,306,249
1750,31/12/1980,7,306,249
1751,31/12/1979,10,306,249
1752,31/12/1978,7,306,249
1753,31/12/1977,9,306,249
1754,31/12/1976,7,306,249
1755,31/12/1975,4,306,249
1756,31/12/1974,4,306,249
1757,31/12/1973,3,306,249
1758,31/12/1972,4,306,249
1759,31/12/1971,6,306,249
1760,31/12/1970,6,306,249
1761,31/12/1969,1,306,249
1762,31/12/1968,7,306,249
1763,31/12/1967,7,306,249
1764,31/12/1966,5,306,249
1765,31/12/2014,0,253,274
1766,31/12/2013,8,253,274
1767,31/12/2012,10,253,274
1768,31/12/2011,8,253,274
1769,31/12/2010,11,253,274
1770,31/12/2009,7,253,274
1771,31/12/2008,9,253,274
1772,31/12/2007,7,253,274
1773,31/12/2006,13,253,274
1774,31/12/2005,11,253,274
1775,31/12/2004,5,253,274
1776,31/12/2003,7,253,274
1777,31/12/2002,4,253,274
1778,31/12/2001,13,253,274
1779,31/12/2000,5,253,274
1780,31/12/1999,6,253,274
1781,31/12/1998,4,253,274
1782,31/12/1997,4,253,274
1783,31/12/1996,7,253,274
1784,31/12/1995,9,253,274
1785,31/12/1994,9,253,274
1786,31/12/1993,7,253,274
1787,31/12/1992,5,253,274
1788,31/12/1991,11,253,274
1789,31/12/1990,11,253,274
1790,31/12/1989,6,253,274
1791,31/12/1988,12,253,274
1792,31/12/1987,11,253,274
1793,31/12/1986,14,253,274
1794,31/12/1985,15,253,274
1795,31/12/1984,10,253,274
1796,31/12/1983,8,253,274
1797,31/12/1982,3,253,274
1798,31/12/1981,6,253,274
1799,31/12/1980,7,253,274
1800,31/12/1979,10,253,274
1801,31/12/1978,7,253,274
1802,31/12/1977,9,253,274
1803,31/12/1976,7,253,274
1804,31/12/1975,4,253,274
1805,31/12/1974,4,253,274
1806,31/12/1973,3,253,274
1807,31/12/1972,4,253,274
1808,31/12/1971,6,253,274
1809,31/12/1970,6,253,274
1810,31/12/1969,1,253,274
1811,31/12/1968,7,253,274
1812,31/12/1967,7,253,274
1813,31/12/1966,5,253,274
1814,31/12/2014,0,255,253
1815,31/12/2013,8,255,253
1816,31/12/2012,10,255,253
1817,31/12/2011,8,255,253
1818,31/12/2010,11,255,253
1819,31/12/2009,7,255,253
1820,31/12/2008,9,255,253
1821,31/12/2007,7,255,253
1822,31/12/2006,13,255,253
1823,31/12/2005,11,255,253
1824,31/12/2004,5,255,253
1825,31/12/2003,7,255,253
1826,31/12/2002,4,255,253
1827,31/12/2001,13,255,253
1828,31/12/2000,5,255,253
1829,31/12/1999,6,255,253
1830,31/12/1998,4,255,253
1831,31/12/1997,4,255,253
1832,31/12/1996,7,255,253
1833,31/12/1995,9,255,253
1834,31/12/1994,9,255,253
1835,31/12/1993,7,255,253
1836,31/12/1992,5,255,253
1837,31/12/1991,11,255,253
1838,31/12/1990,11,255,253
1839,31/12/1989,6,255,253
1840,31/12/1988,12,255,253
1841,31/12/1987,11,255,253
1842,31/12/1986,14,255,253
1843,31/12/1985,15,255,253
1844,31/12/1984,10,255,253
1845,31/12/1983,8,255,253
1846,31/12/1982,3,255,253
1847,31/12/1981,6,255,253
1848,31/12/1980,7,255,253
1849,31/12/1979,10,255,253
1850,31/12/1978,7,255,253
1851,31/12/1977,9,255,253
1852,31/12/1976,7,255,253
1853,31/12/1975,4,255,253
1854,31/12/1974,4,255,253
1855,31/12/1973,3,255,253
1856,31/12/1972,4,255,253
1857,31/12/1971,6,255,253
1858,31/12/1970,6,255,253
1859,31/12/1969,1,255,253
1860,31/12/1968,7,255,253
1861,31/12/1967,7,255,253
1862,31/12/1966,5,255,253
1863,31/12/2014,0,253,216
1864,31/12/2013,8,253,216
1865,31/12/2012,10,253,216
1866,31/12/2011,8,253,216
1867,31/12/2010,11,253,216
1868,31/12/2009,7,253,216
1869,31/12/2008,9,253,216
1870,31/12/2007,7,253,216
1871,31/12/2006,13,253,216
1872,31/12/2005,11,253,216
1873,31/12/2004,5,253,216
1874,31/12/2003,7,253,216
1875,31/12/2002,4,253,216
1876,31/12/2001,13,253,216
1877,31/12/2000,5,253,216
1878,31/12/1999,6,253,216
1879,31/12/1998,4,253,216
1880,31/12/1997,4,253,216
1881,31/12/1996,7,253,216
1882,31/12/1995,9,253,216
1883,31/12/1994,9,253,216
1884,31/12/1993,7,253,216
1885,31/12/1992,5,253,216
1886,31/12/1991,11,253,216
1887,31/12/1990,11,253,216
1888,31/12/1989,6,253,216
1889,31/12/1988,12,253,216
1890,31/12/1987,11,253,216
1891,31/12/1986,14,253,216
1892,31/12/1985,15,253,216
1893,31/12/1984,10,253,216
1894,31/12/1983,8,253,216
1895,31/12/1982,3,253,216
1896,31/12/1981,6,253,216
1897,31/12/1980,7,253,216
1898,31/12/1979,10,253,216
1899,31/12/1978,7,253,216
1900,31/12/1977,9,253,216
1901,31/12/1976,7,253,216
1902,31/12/1975,4,253,216
1903,31/12/1974,4,253,216
1904,31/12/1973,3,253,216
1905,31/12/1972,4,253,216
1906,31/12/1971,6,253,216
1907,31/12/1970,6,253,216
1908,31/12/1969,1,253,216
1909,31/12/1968,7,253,216
1910,31/12/1967,7,253,216
1911,31/12/1966,5,253,216
1912,31/12/2014,0,191,379
1913,31/12/2013,8,191,379
1914,31/12/2012,10,191,379
1915,31/12/2011,8,191,379
1916,31/12/2010,11,191,379
1917,31/12/2009,7,191,379
1918,31/12/2008,9,191,379
1919,31/12/2007,7,191,379
1920,31/12/2006,13,191,379
1921,31/12/2005,11,191,379
1922,31/12/2004,5,191,379
1923,31/12/2003,7,191,379
1924,31/12/2002,4,191,379
1925,31/12/2001,13,191,379
1926,31/12/2000,5,191,379
1927,31/12/1999,6,191,379
1928,31/12/1998,4,191,379
1929,31/12/1997,4,191,379
1930,31/12/1996,7,191,379
1931,31/12/1995,9,191,379
1932,31/12/1994,9,191,379
1933,31/12/1993,7,191,379
1934,31/12/1992,5,191,379
1935,31/12/1991,11,191,379
1936,31/12/1990,11,191,379
1937,31/12/1989,6,191,379
1938,31/12/1988,12,191,379
1939,31/12/1987,11,191,379
1940,31/12/1986,14,191,379
1941,31/12/1985,15,191,379
1942,31/12/1984,10,191,379
1943,31/12/1983,8,191,379
1944,31/12/1982,3,191,379
1945,31/12/1981,6,191,379
1946,31/12/1980,7,191,379
1947,31/12/1979,10,191,379
1948,31/12/1978,7,191,379
1949,31/12/1977,9,191,379
1950,31/12/1976,7,191,379
1951,31/12/1975,4,191,379
1952,31/12/1974,4,191,379
1953,31/12/1973,3,191,379
1954,31/12/1972,4,191,379
1955,31/12/1971,6,191,379
1956,31/12/1970,6,191,379
1957,31/12/1969,1,191,379
1958,31/12/1968,7,191,379
1959,31/12/1967,7,191,379
1960,31/12/1966,5,191,379
1961,31/12/2014,0,152,279
1962,31/12/2013,8,152,279
1963,31/12/2012,10,152,279
1964,31/12/2011,8,152,279
1965,31/12/2010,11,152,279
1966,31/12/2009,7,152,279
1967,31/12/2008,9,152,279
1968,31/12/2007,7,152,279
1969,31/12/2006,13,152,279
1970,31/12/2005,11,152,279
1971,31/12/2004,5,152,279
1972,31/12/2003,7,152,279
1973,31/12/2002,4,152,279
1974,31/12/2001,13,152,279
1975,31/12/2000,5,152,279
1976,31/12/1999,6,152,279
1977,31/12/1998,4,152,279
1978,31/12/1997,4,152,279
1979,31/12/1996,7,152,279
1980,31/12/1995,9,152,279
1981,31/12/1994,9,152,279
1982,31/12/1993,7,152,279
1983,31/12/1992,5,152,279
1984,31/12/1991,11,152,279
1985,31/12/1990,11,152,279
1986,31/12/1989,6,152,279
1987,31/12/1988,12,152,279
1988,31/12/1987,11,152,279
1989,31/12/1986,14,152,279
1990,31/12/1985,15,152,279
1991,31/12/1984,10,152,279
1992,31/12/1983,8,152,279
1993,31/12/1982,3,152,279
1994,31/12/1981,6,152,279
1995,31/12/1980,7,152,279
1996,31/12/1979,10,152,279
1997,31/12/1978,7,152,279
1998,31/12/1977,9,152,279
1999,31/12/1976,7,152,279
2000,31/12/1975,4,152,279
2001,31/12/1974,4,152,279
2002,31/12/1973,3,152,279
2003,31/12/1972,4,152,279
2004,31/12/1971,6,152,279
2005,31/12/1970,6,152,279
2006,31/12/1969,1,152,279
2007,31/12/1968,7,152,279
2008,31/12/1967,7,152,279
2009,31/12/1966,5,152,279
2010,31/12/2014,0,195,334
2011,31/12/2013,8,195,334
2012,31/12/2012,10,195,334
2013,31/12/2011,8,195,334
2014,31/12/2010,11,195,334
2015,31/12/2009,7,195,334
2016,31/12/2008,9,195,334
2017,31/12/2007,7,195,334
2018,31/12/2006,13,195,334
2019,31/12/2005,11,195,334
2020,31/12/2004,5,195,334
2021,31/12/2003,7,195,334
2022,31/12/2002,4,195,334
2023,31/12/2001,13,195,334
2024,31/12/2000,5,195,334
2025,31/12/1999,6,195,334
2026,31/12/1998,4,195,334
2027,31/12/1997,4,195,334
2028,31/12/1996,7,195,334
2029,31/12/1995,9,195,334
2030,31/12/1994,9,195,334
2031,31/12/1993,7,195,334
2032,31/12/1992,5,195,334
2033,31/12/1991,11,195,334
2034,31/12/1990,11,195,334
2035,31/12/1989,6,195,334
2036,31/12/1988,12,195,334
2037,31/12/1987,11,195,334
2038,31/12/1986,14,195,334
2039,31/12/1985,15,195,334
2040,31/12/1984,10,195,334
2041,31/12/1983,8,195,334
2042,31/12/1982,3,195,334
2043,31/12/1981,6,195,334
2044,31/12/1980,7,195,334
2045,31/12/1979,10,195,334
2046,31/12/1978,7,195,334
2047,31/12/1977,9,195,334
2048,31/12/1976,7,195,334
2049,31/12/1975,4,195,334
2050,31/12/1974,4,195,334
2051,31/12/1973,3,195,334
2052,31/12/1972,4,195,334
2053,31/12/1971,6,195,334
2054,31/12/1970,6,195,334
2055,31/12/1969,1,195,334
2056,31/12/1968,7,195,334
2057,31/12/1967,7,195,334
2058,31/12/1966,5,195,334
2059,31/12/2014,0,225,275
2060,31/12/2013,8,225,275
2061,31/12/2012,10,225,275
2062,31/12/2011,8,225,275
2063,31/12/2010,11,225,275
2064,31/12/2009,7,225,275
2065,31/12/2008,9,225,275
2066,31/12/2007,7,225,275
2067,31/12/2006,13,225,275
2068,31/12/2005,11,225,275
2069,31/12/2004,5,225,275
2070,31/12/2003,7,225,275
2071,31/12/2002,4,225,275
2072,31/12/2001,13,225,275
2073,31/12/2000,5,225,275
2074,31/12/1999,6,225,275
2075,31/12/1998,4,225,275
2076,31/12/1997,4,225,275
2077,31/12/1996,7,225,275
2078,31/12/1995,9,225,275
2079,31/12/1994,9,225,275
2080,31/12/1993,7,225,275
2081,31/12/1992,5,225,275
2082,31/12/1991,11,225,275
2083,31/12/1990,11,225,275
2084,31/12/1989,6,225,275
2085,31/12/1988,12,225,275
2086,31/12/1987,11,225,275
2087,31/12/1986,14,225,275
2088,31/12/1985,15,225,275
2089,31/12/1984,10,225,275
2090,31/12/1983,8,225,275
2091,31/12/1982,3,225,275
2092,31/12/1981,6,225,275
2093,31/12/1980,7,225,275
2094,31/12/1979,10,225,275
2095,31/12/1978,7,225,275
2096,31/12/1977,9,225,275
2097,31/12/1976,7,225,275
2098,31/12/1975,4,225,275
2099,31/12/1974,4,225,275
2100,31/12/1973,3,225,275
2101,31/12/1972,4,225,275
2102,31/12/1971,6,225,275
2103,31/12/1970,6,225,275
2104,31/12/1969,1,225,275
2105,31/12/1968,7,225,275
2106,31/12/1967,7,225,275
2107,31/12/1966,5,225,275
2108,31/12/2014,0,185,276
2109,31/12/2013,8,185,276
2110,31/12/2012,10,185,276
2111,31/12/2011,8,185,276
2112,31/12/2010,11,185,276
2113,31/12/2009,7,185,276
2114,31/12/2008,9,185,276
2115,31/12/2007,7,185,276
2116,31/12/2006,13,185,276
2117,31/12/2005,11,185,276
2118,31/12/2004,5,185,276
2119,31/12/2003,7,185,276
2120,31/12/2002,4,185,276
2121,31/12/2001,13,185,276
2122,31/12/2000,5,185,276
2123,31/12/1999,6,185,276
2124,31/12/1998,4,185,276
2125,31/12/1997,4,185,276
2126,31/12/1996,7,185,276
2127,31/12/1995,9,185,276
2128,31/12/1994,9,185,276
2129,31/12/1993,7,185,276
2130,31/12/1992,5,185,276
2131,31/12/1991,11,185,276
2132,31/12/1990,11,185,276
2133,31/12/1989,6,185,276
2134,31/12/1988,12,185,276
2135,31/12/1987,11,185,276
2136,31/12/1986,14,185,276
2137,31/12/1985,15,185,276
2138,31/12/1984,10,185,276
2139,31/12/1983,8,185,276
2140,31/12/1982,3,185,276
2141,31/12/1981,6,185,276
2142,31/12/1980,7,185,276
2143,31/12/1979,10,185,276
2144,31/12/1978,7,185,276
2145,31/12/1977,9,185,276
2146,31/12/1976,7,185,276
2147,31/12/1975,4,185,276
2148,31/12/1974,4,185,276
2149,31/12/1973,3,185,276
2150,31/12/1972,4,185,276
2151,31/12/1971,6,185,276
2152,31/12/1970,6,185,276
2153,31/12/1969,1,185,276
2154,31/12/1968,7,185,276
2155,31/12/1967,7,185,276
2156,31/12/1966,5,185,276
2157,31/12/2014,0,256,261
2158,31/12/2013,8,256,261
2159,31/12/2012,10,256,261
2160,31/12/2011,8,256,261
2161,31/12/2010,11,256,261
2162,31/12/2009,7,256,261
2163,31/12/2008,9,256,261
2164,31/12/2007,7,256,261
2165,31/12/2006,13,256,261
2166,31/12/2005,11,256,261
2167,31/12/2004,5,256,261
2168,31/12/2003,7,256,261
2169,31/12/2002,4,256,261
2170,31/12/2001,13,256,261
2171,31/12/2000,5,256,261
2172,31/12/1999,6,256,261
2173,31/12/1998,4,256,261
2174,31/12/1997,4,256,261
2175,31/12/1996,7,256,261
2176,31/12/1995,9,256,261
2177,31/12/1994,9,256,261
2178,31/12/1993,7,256,261
2179,31/12/1992,5,256,261
2180,31/12/1991,11,256,261
2181,31/12/1990,11,256,261
2182,31/12/1989,6,256,261
2183,31/12/1988,12,256,261
2184,31/12/1987,11,256,261
2185,31/12/1986,14,256,261
2186,31/12/1985,15,256,261
2187,31/12/1984,10,256,261
2188,31/12/1983,8,256,261
2189,31/12/1982,3,256,261
2190,31/12/1981,6,256,261
2191,31/12/1980,7,256,261
2192,31/12/1979,10,256,261
2193,31/12/1978,7,256,261
2194,31/12/1977,9,256,261
2195,31/12/1976,7,256,261
2196,31/12/1975,4,256,261
2197,31/12/1974,4,256,261
2198,31/12/1973,3,256,261
2199,31/12/1972,4,256,261
2200,31/12/1971,6,256,261
2201,31/12/1970,6,256,261
2202,31/12/1969,1,256,261
2203,31/12/1968,7,256,261
2204,31/12/1967,7,256,261
2205,31/12/1966,5,256,261
2206,31/12/2014,0,210,339
2207,31/12/2013,8,210,339
2208,31/12/2012,10,210,339
2209,31/12/2011,8,210,339
2210,31/12/2010,11,210,339
2211,31/12/2009,7,210,339
2212,31/12/2008,9,210,339
2213,31/12/2007,7,210,339
2214,31/12/2006,13,210,339
2215,31/12/2005,11,210,339
2216,31/12/2004,5,210,339
2217,31/12/2003,7,210,339
2218,31/12/2002,4,210,339
2219,31/12/2001,13,210,339
2220,31/12/2000,5,210,339
2221,31/12/1999,6,210,339
2222,31/12/1998,4,210,339
2223,31/12/1997,4,210,339
2224,31/12/1996,7,210,339
2225,31/12/1995,9,210,339
2226,31/12/1994,9,210,339
2227,31/12/1993,7,210,339
2228,31/12/1992,5,210,339
2229,31/12/1991,11,210,339
2230,31/12/1990,11,210,339
2231,31/12/1989,6,210,339
2232,31/12/1988,12,210,339
2233,31/12/1987,11,210,339
2234,31/12/1986,14,210,339
2235,31/12/1985,15,210,339
2236,31/12/1984,10,210,339
2237,31/12/1983,8,210,339
2238,31/12/1982,3,210,339
2239,31/12/1981,6,210,339
2240,31/12/1980,7,210,339
2241,31/12/1979,10,210,339
2242,31/12/1978,7,210,339
2243,31/12/1977,9,210,339
2244,31/12/1976,7,210,339
2245,31/12/1975,4,210,339
2246,31/12/1974,4,210,339
2247,31/12/1973,3,210,339
2248,31/12/1972,4,210,339
2249,31/12/1971,6,210,339
2250,31/12/1970,6,210,339
2251,31/12/1969,1,210,339
2252,31/12/1968,7,210,339
2253,31/12/1967,7,210,339
2254,31/12/1966,5,210,339
2255,31/12/2014,0,250,333
2256,31/12/2013,8,250,333
2257,31/12/2012,10,250,333
2258,31/12/2011,8,250,333
2259,31/12/2010,11,250,333
2260,31/12/2009,7,250,333
2261,31/12/2008,9,250,333
2262,31/12/2007,7,250,333
2263,31/12/2006,13,250,333
2264,31/12/2005,11,250,333
2265,31/12/2004,5,250,333
2266,31/12/2003,7,250,333
2267,31/12/2002,4,250,333
2268,31/12/2001,13,250,333
2269,31/12/2000,5,250,333
2270,31/12/1999,6,250,333
2271,31/12/1998,4,250,333
2272,31/12/1997,4,250,333
2273,31/12/1996,7,250,333
2274,31/12/1995,9,250,333
2275,31/12/1994,9,250,333
2276,31/12/1993,7,250,333
2277,31/12/1992,5,250,333
2278,31/12/1991,11,250,333
2279,31/12/1990,11,250,333
2280,31/12/1989,6,250,333
2281,31/12/1988,12,250,333
2282,31/12/1987,11,250,333
2283,31/12/1986,14,250,333
2284,31/12/1985,15,250,333
2285,31/12/1984,10,250,333
2286,31/12/1983,8,250,333
2287,31/12/1982,3,250,333
2288,31/12/1981,6,250,333
2289,31/12/1980,7,250,333
2290,31/12/1979,10,250,333
2291,31/12/1978,7,250,333
2292,31/12/1977,9,250,333
2293,31/12/1976,7,250,333
2294,31/12/1975,4,250,333
2295,31/12/1974,4,250,333
2296,31/12/1973,3,250,333
2297,31/12/1972,4,250,333
2298,31/12/1971,6,250,333
2299,31/12/1970,6,250,333
2300,31/12/1969,1,250,333
2301,31/12/1968,7,250,333
2302,31/12/1967,7,250,333
2303,31/12/1966,5,250,333
2304,31/12/2014,0,239,218
2305,31/12/2013,8,239,218
2306,31/12/2012,10,239,218
2307,31/12/2011,8,239,218
2308,31/12/2010,11,239,218
2309,31/12/2009,7,239,218
2310,31/12/2008,9,239,218
2311,31/12/2007,7,239,218
2312,31/12/2006,13,239,218
2313,31/12/2005,11,239,218
2314,31/12/2004,5,239,218
2315,31/12/2003,7,239,218
2316,31/12/2002,4,239,218
2317,31/12/2001,13,239,218
2318,31/12/2000,5,239,218
2319,31/12/1999,6,239,218
2320,31/12/1998,4,239,218
2321,31/12/1997,4,239,218
2322,31/12/1996,7,239,218
2323,31/12/1995,9,239,218
2324,31/12/1994,9,239,218
2325,31/12/1993,7,239,218
2326,31/12/1992,5,239,218
2327,31/12/1991,11,239,218
2328,31/12/1990,11,239,218
2329,31/12/1989,6,239,218
2330,31/12/1988,12,239,218
2331,31/12/1987,11,239,218
2332,31/12/1986,14,239,218
2333,31/12/1985,15,239,218
2334,31/12/1984,10,239,218
2335,31/12/1983,8,239,218
2336,31/12/1982,3,239,218
2337,31/12/1981,6,239,218
2338,31/12/1980,7,239,218
2339,31/12/1979,10,239,218
2340,31/12/1978,7,239,218
2341,31/12/1977,9,239,218
2342,31/12/1976,7,239,218
2343,31/12/1975,4,239,218
2344,31/12/1974,4,239,218
2345,31/12/1973,3,239,218
2346,31/12/1972,4,239,218
2347,31/12/1971,6,239,218
2348,31/12/1970,6,239,218
2349,31/12/1969,1,239,218
2350,31/12/1968,7,239,218
2351,31/12/1967,7,239,218
2352,31/12/1966,5,239,218
2353,31/12/2014,0,234,272
2354,31/12/2013,8,234,272
2355,31/12/2012,10,234,272
2356,31/12/2011,8,234,272
2357,31/12/2010,11,234,272
2358,31/12/2009,7,234,272
2359,31/12/2008,9,234,272
2360,31/12/2007,7,234,272
2361,31/12/2006,13,234,272
2362,31/12/2005,11,234,272
2363,31/12/2004,5,234,272
2364,31/12/2003,7,234,272
2365,31/12/2002,4,234,272
2366,31/12/2001,13,234,272
2367,31/12/2000,5,234,272
2368,31/12/1999,6,234,272
2369,31/12/1998,4,234,272
2370,31/12/1997,4,234,272
2371,31/12/1996,7,234,272
2372,31/12/1995,9,234,272
2373,31/12/1994,9,234,272
2374,31/12/1993,7,234,272
2375,31/12/1992,5,234,272
2376,31/12/1991,11,234,272
2377,31/12/1990,11,234,272
2378,31/12/1989,6,234,272
2379,31/12/1988,12,234,272
2380,31/12/1987,11,234,272
2381,31/12/1986,14,234,272
2382,31/12/1985,15,234,272
2383,31/12/1984,10,234,272
2384,31/12/1983,8,234,272
2385,31/12/1982,3,234,272
2386,31/12/1981,6,234,272
2387,31/12/1980,7,234,272
2388,31/12/1979,10,234,272
2389,31/12/1978,7,234,272
2390,31/12/1977,9,234,272
2391,31/12/1976,7,234,272
2392,31/12/1975,4,234,272
2393,31/12/1974,4,234,272
2394,31/12/1973,3,234,272
2395,31/12/1972,4,234,272
2396,31/12/1971,6,234,272
2397,31/12/1970,6,234,272
2398,31/12/1969,1,234,272
2399,31/12/1968,7,234,272
2400,31/12/1967,7,234,272
2401,31/12/1966,5,234,272
